{
  "POST /offers.json-0" : {
    "transaction" : "POST /offers.json-0",
    "sampleCount" : 200,
    "errorCount" : 0,
    "errorPct" : 0.0,
    "meanResTime" : 583.5250000000001,
    "medianResTime" : 578.0,
    "minResTime" : 174.0,
    "maxResTime" : 1174.0,
    "pct1ResTime" : 868.4000000000001,
    "pct2ResTime" : 947.9499999999998,
    "pct3ResTime" : 1154.6800000000003,
    "throughput" : 1.327606922142492,
    "receivedKBytesPerSec" : 1.7204178061959416,
    "sentKBytesPerSec" : 1.1098093763898385
  },
  "GET /users/{user_id}/offers.json " : {
    "transaction" : "GET /users/{user_id}/offers.json ",
    "sampleCount" : 200,
    "errorCount" : 0,
    "errorPct" : 0.0,
    "meanResTime" : 639.0849999999996,
    "medianResTime" : 619.5,
    "minResTime" : 210.0,
    "maxResTime" : 1181.0,
    "pct1ResTime" : 895.7,
    "pct2ResTime" : 973.2499999999998,
    "pct3ResTime" : 1138.98,
    "throughput" : 1.3258994570441724,
    "receivedKBytesPerSec" : 1.7665538547211963,
    "sentKBytesPerSec" : 0.9935182162011654
  },
  "POST /offers.json-1" : {
    "transaction" : "POST /offers.json-1",
    "sampleCount" : 200,
    "errorCount" : 0,
    "errorPct" : 0.0,
    "meanResTime" : 926.6999999999997,
    "medianResTime" : 925.0,
    "minResTime" : 498.0,
    "maxResTime" : 1531.0,
    "pct1ResTime" : 1198.6,
    "pct2ResTime" : 1300.9999999999998,
    "pct3ResTime" : 1490.96,
    "throughput" : 1.324863042283004,
    "receivedKBytesPerSec" : 20.50704915117681,
    "sentKBytesPerSec" : 0.9470441891506965
  },
  "GET /products/{id}.json" : {
    "transaction" : "GET /products/{id}.json",
    "sampleCount" : 200,
    "errorCount" : 0,
    "errorPct" : 0.0,
    "meanResTime" : 1567.8550000000007,
    "medianResTime" : 1595.0,
    "minResTime" : 357.0,
    "maxResTime" : 2321.0,
    "pct1ResTime" : 1906.3,
    "pct2ResTime" : 2012.85,
    "pct3ResTime" : 2207.6000000000013,
    "throughput" : 1.3334311182820073,
    "receivedKBytesPerSec" : 21.567245660515105,
    "sentKBytesPerSec" : 1.9611594433591797
  },
  "GET /categories/{id}.json " : {
    "transaction" : "GET /categories/{id}.json ",
    "sampleCount" : 200,
    "errorCount" : 0,
    "errorPct" : 0.0,
    "meanResTime" : 577.3399999999998,
    "medianResTime" : 583.0,
    "minResTime" : 144.0,
    "maxResTime" : 1087.0,
    "pct1ResTime" : 838.8000000000001,
    "pct2ResTime" : 902.75,
    "pct3ResTime" : 1078.1300000000008,
    "throughput" : 1.323311454583951,
    "receivedKBytesPerSec" : 0.9420840335856447,
    "sentKBytesPerSec" : 0.9679428833964112
  },
  "POST /offers.json" : {
    "transaction" : "POST /offers.json",
    "sampleCount" : 200,
    "errorCount" : 0,
    "errorPct" : 0.0,
    "meanResTime" : 1510.4499999999998,
    "medianResTime" : 1499.0,
    "minResTime" : 735.0,
    "maxResTime" : 2342.0,
    "pct1ResTime" : 1834.5,
    "pct2ResTime" : 1944.9,
    "pct3ResTime" : 2232.680000000001,
    "throughput" : 1.3227863170983358,
    "receivedKBytesPerSec" : 22.1890752008155,
    "sentKBytesPerSec" : 2.051339300477526
  },
  "DELETE /products/{id}.json " : {
    "transaction" : "DELETE /products/{id}.json ",
    "sampleCount" : 200,
    "errorCount" : 0,
    "errorPct" : 0.0,
    "meanResTime" : 1524.185,
    "medianResTime" : 1560.5,
    "minResTime" : 366.0,
    "maxResTime" : 2215.0,
    "pct1ResTime" : 1846.9,
    "pct2ResTime" : 1950.85,
    "pct3ResTime" : 2061.4100000000008,
    "throughput" : 1.3375600230060325,
    "receivedKBytesPerSec" : 21.635039903177372,
    "sentKBytesPerSec" : 1.9943751421157523
  },
  "GET /products.json" : {
    "transaction" : "GET /products.json",
    "sampleCount" : 200,
    "errorCount" : 0,
    "errorPct" : 0.0,
    "meanResTime" : 649.0949999999998,
    "medianResTime" : 649.0,
    "minResTime" : 131.0,
    "maxResTime" : 1161.0,
    "pct1ResTime" : 927.4000000000001,
    "pct2ResTime" : 1010.8499999999999,
    "pct3ResTime" : 1145.8200000000002,
    "throughput" : 1.335247187635611,
    "receivedKBytesPerSec" : 1.780586027472711,
    "sentKBytesPerSec" : 1.0721487256734654
  },
  "POST /products.json " : {
    "transaction" : "POST /products.json ",
    "sampleCount" : 200,
    "errorCount" : 0,
    "errorPct" : 0.0,
    "meanResTime" : 1696.8600000000004,
    "medianResTime" : 1530.0,
    "minResTime" : 890.0,
    "maxResTime" : 5131.0,
    "pct1ResTime" : 2574.3,
    "pct2ResTime" : 3192.6999999999994,
    "pct3ResTime" : 4607.420000000004,
    "throughput" : 1.3253107853791712,
    "receivedKBytesPerSec" : 3.0832242367866516,
    "sentKBytesPerSec" : 210.3511017474223
  },
  "PUT /offers/{id}.json -0" : {
    "transaction" : "PUT /offers/{id}.json -0",
    "sampleCount" : 200,
    "errorCount" : 0,
    "errorPct" : 0.0,
    "meanResTime" : 593.1949999999994,
    "medianResTime" : 581.0,
    "minResTime" : 204.0,
    "maxResTime" : 1225.0,
    "pct1ResTime" : 845.3000000000001,
    "pct2ResTime" : 889.9,
    "pct3ResTime" : 987.97,
    "throughput" : 1.3315845189983821,
    "receivedKBytesPerSec" : 1.742269111566809,
    "sentKBytesPerSec" : 1.0745262888073663
  },
  "PUT /offers/{id}.json -1" : {
    "transaction" : "PUT /offers/{id}.json -1",
    "sampleCount" : 200,
    "errorCount" : 0,
    "errorPct" : 0.0,
    "meanResTime" : 949.6350000000001,
    "medianResTime" : 946.5,
    "minResTime" : 419.0,
    "maxResTime" : 1952.0,
    "pct1ResTime" : 1200.7,
    "pct2ResTime" : 1267.9,
    "pct3ResTime" : 1455.2700000000007,
    "throughput" : 1.3276774274922165,
    "receivedKBytesPerSec" : 20.54978214680461,
    "sentKBytesPerSec" : 0.9657038101022974
  },
  "GET /products/{id}.json-0" : {
    "transaction" : "GET /products/{id}.json-0",
    "sampleCount" : 200,
    "errorCount" : 0,
    "errorPct" : 0.0,
    "meanResTime" : 612.8549999999996,
    "medianResTime" : 607.5,
    "minResTime" : 86.0,
    "maxResTime" : 1196.0,
    "pct1ResTime" : 887.4000000000001,
    "pct2ResTime" : 959.8499999999999,
    "pct3ResTime" : 1097.88,
    "throughput" : 1.3358447214095834,
    "receivedKBytesPerSec" : 0.928829532855101,
    "sentKBytesPerSec" : 0.9947477298988766
  },
  "GET /products/{id}.json-1" : {
    "transaction" : "GET /products/{id}.json-1",
    "sampleCount" : 200,
    "errorCount" : 0,
    "errorPct" : 0.0,
    "meanResTime" : 954.8649999999998,
    "medianResTime" : 970.0,
    "minResTime" : 251.0,
    "maxResTime" : 1533.0,
    "pct1ResTime" : 1222.7,
    "pct2ResTime" : 1339.0499999999995,
    "pct3ResTime" : 1523.1400000000008,
    "throughput" : 1.3345700348990064,
    "receivedKBytesPerSec" : 20.65772355299244,
    "sentKBytesPerSec" : 0.9690359941879476
  },
  "PUT /profiles.json " : {
    "transaction" : "PUT /profiles.json ",
    "sampleCount" : 200,
    "errorCount" : 0,
    "errorPct" : 0.0,
    "meanResTime" : 1115.3200000000004,
    "medianResTime" : 1075.0,
    "minResTime" : 245.0,
    "maxResTime" : 2225.0,
    "pct1ResTime" : 1600.2,
    "pct2ResTime" : 1764.9,
    "pct3ResTime" : 2203.6400000000003,
    "throughput" : 1.342011675501577,
    "receivedKBytesPerSec" : 2.1618969335033213,
    "sentKBytesPerSec" : 212.73795806632893
  },
  "PUT /products/{id}.json -0" : {
    "transaction" : "PUT /products/{id}.json -0",
    "sampleCount" : 200,
    "errorCount" : 0,
    "errorPct" : 0.0,
    "meanResTime" : 616.2200000000001,
    "medianResTime" : 602.5,
    "minResTime" : 119.0,
    "maxResTime" : 1135.0,
    "pct1ResTime" : 877.8,
    "pct2ResTime" : 916.55,
    "pct3ResTime" : 1057.97,
    "throughput" : 1.3361124472235584,
    "receivedKBytesPerSec" : 0.9290156859601305,
    "sentKBytesPerSec" : 1.0201949221046445
  },
  "PUT /products/{id}.json -1" : {
    "transaction" : "PUT /products/{id}.json -1",
    "sampleCount" : 200,
    "errorCount" : 0,
    "errorPct" : 0.0,
    "meanResTime" : 951.3600000000002,
    "medianResTime" : 926.0,
    "minResTime" : 230.0,
    "maxResTime" : 1451.0,
    "pct1ResTime" : 1268.3000000000002,
    "pct2ResTime" : 1337.0,
    "pct3ResTime" : 1432.97,
    "throughput" : 1.3352204448954523,
    "receivedKBytesPerSec" : 20.66468134338198,
    "sentKBytesPerSec" : 0.9699646333484657
  },
  "DELETE /products/{id}.json -1" : {
    "transaction" : "DELETE /products/{id}.json -1",
    "sampleCount" : 200,
    "errorCount" : 0,
    "errorPct" : 0.0,
    "meanResTime" : 938.2199999999996,
    "medianResTime" : 931.5,
    "minResTime" : 253.0,
    "maxResTime" : 1518.0,
    "pct1ResTime" : 1208.0,
    "pct2ResTime" : 1303.75,
    "pct3ResTime" : 1469.5800000000004,
    "throughput" : 1.341156747694887,
    "receivedKBytesPerSec" : 20.760693891450124,
    "sentKBytesPerSec" : 0.9730196982397318
  },
  "PUT /offers/{id}.json " : {
    "transaction" : "PUT /offers/{id}.json ",
    "sampleCount" : 200,
    "errorCount" : 0,
    "errorPct" : 0.0,
    "meanResTime" : 1543.0249999999999,
    "medianResTime" : 1534.5,
    "minResTime" : 961.0,
    "maxResTime" : 2466.0,
    "pct1ResTime" : 1846.9,
    "pct2ResTime" : 1931.95,
    "pct3ResTime" : 2084.96,
    "throughput" : 1.3239859922282022,
    "receivedKBytesPerSec" : 22.2249731996273,
    "sentKBytesPerSec" : 2.031413429520916
  },
  "POST login" : {
    "transaction" : "POST login",
    "sampleCount" : 200,
    "errorCount" : 0,
    "errorPct" : 0.0,
    "meanResTime" : 863.7900000000002,
    "medianResTime" : 668.5,
    "minResTime" : 161.0,
    "maxResTime" : 3401.0,
    "pct1ResTime" : 1947.900000000005,
    "pct2ResTime" : 3098.95,
    "pct3ResTime" : 3316.95,
    "throughput" : 1.2921482610914776,
    "receivedKBytesPerSec" : 2.6898387883525756,
    "sentKBytesPerSec" : 1.0317501017566755
  },
  "Total" : {
    "transaction" : "Total",
    "sampleCount" : 4800,
    "errorCount" : 200,
    "errorPct" : 4.1666665,
    "meanResTime" : 979.6591666666661,
    "medianResTime" : 872.5,
    "minResTime" : 30.0,
    "maxResTime" : 5131.0,
    "pct1ResTime" : 1654.0,
    "pct2ResTime" : 1821.0,
    "pct3ResTime" : 2457.809999999996,
    "throughput" : 29.70719842551848,
    "receivedKBytesPerSec" : 218.87539977069756,
    "sentKBytesPerSec" : 417.9824214035723
  },
  "PUT /products/{id}.json " : {
    "transaction" : "PUT /products/{id}.json ",
    "sampleCount" : 200,
    "errorCount" : 0,
    "errorPct" : 0.0,
    "meanResTime" : 1567.7049999999986,
    "medianResTime" : 1583.0,
    "minResTime" : 349.0,
    "maxResTime" : 2328.0,
    "pct1ResTime" : 1908.1000000000001,
    "pct2ResTime" : 1983.6,
    "pct3ResTime" : 2253.830000000001,
    "throughput" : 1.334062620899425,
    "receivedKBytesPerSec" : 21.57435257315666,
    "sentKBytesPerSec" : 1.9877533051401433
  },
  "DELETE /products/{id}.json -0" : {
    "transaction" : "DELETE /products/{id}.json -0",
    "sampleCount" : 200,
    "errorCount" : 0,
    "errorPct" : 0.0,
    "meanResTime" : 585.8449999999998,
    "medianResTime" : 588.5,
    "minResTime" : 101.0,
    "maxResTime" : 1132.0,
    "pct1ResTime" : 861.9,
    "pct2ResTime" : 927.2999999999998,
    "pct3ResTime" : 1126.4600000000005,
    "throughput" : 1.3398270283306426,
    "receivedKBytesPerSec" : 0.9315984806361499,
    "sentKBytesPerSec" : 1.02570039457906
  },
  "GET /categories.json " : {
    "transaction" : "GET /categories.json ",
    "sampleCount" : 200,
    "errorCount" : 0,
    "errorPct" : 0.0,
    "meanResTime" : 631.6299999999998,
    "medianResTime" : 577.0,
    "minResTime" : 164.0,
    "maxResTime" : 2580.0,
    "pct1ResTime" : 893.3000000000001,
    "pct2ResTime" : 1055.1499999999999,
    "pct3ResTime" : 2271.4000000000015,
    "throughput" : 1.3057898722937507,
    "receivedKBytesPerSec" : 1.3644484017131964,
    "sentKBytesPerSec" : 0.9525762622091354
  },
  "POST /users.json" : {
    "transaction" : "POST /users.json",
    "sampleCount" : 200,
    "errorCount" : 200,
    "errorPct" : 100.0,
    "meanResTime" : 1324.3449999999998,
    "medianResTime" : 1274.0,
    "minResTime" : 689.0,
    "maxResTime" : 3174.0,
    "pct1ResTime" : 1615.6,
    "pct2ResTime" : 1895.7999999999993,
    "pct3ResTime" : 3070.3400000000033,
    "throughput" : 1.2923904052936313,
    "receivedKBytesPerSec" : 0.7862883032206368,
    "sentKBytesPerSec" : 1.0571854483302314
  },
  "GET /profiles.json" : {
    "transaction" : "GET /profiles.json",
    "sampleCount" : 200,
    "errorCount" : 0,
    "errorPct" : 0.0,
    "meanResTime" : 588.7150000000001,
    "medianResTime" : 612.5,
    "minResTime" : 30.0,
    "maxResTime" : 1188.0,
    "pct1ResTime" : 854.4000000000001,
    "pct2ResTime" : 906.6499999999999,
    "pct3ResTime" : 1080.6600000000003,
    "throughput" : 1.3557943260007457,
    "receivedKBytesPerSec" : 2.1853444988645223,
    "sentKBytesPerSec" : 1.0008383681320545
  }
}