{
	"info": {
		"_postman_id": "efcc4497-b126-4cc8-bb05-dea73a76dae6",
		"name": "Web Secondhand API Gold",
		"schema": "https://schema.getpostman.com/json/collection/v2.1.0/collection.json",
		"_exporter_id": "30093973",
		"_collection_link": "https://www.postman.com/mrhndi/workspace/binarqae15-herman/collection/30093973-efcc4497-b126-4cc8-bb05-dea73a76dae6?action=share&source=collection_link&creator=30093973"
	},
	"item": [
		{
			"name": "Registration",
			"event": [
				{
					"listen": "test",
					"script": {
						"exec": [
							"pm.test(\"Status code is 200\", function () {\r",
							"    pm.response.to.have.status(200);\r",
							"});\r",
							"pm.test(\"Response time is less than 200ms\", function () {\r",
							"    pm.expect(pm.response.responseTime).to.be.below(200);\r",
							"});\r",
							"pm.test(\"Successful POST request\", function () {\r",
							"    pm.expect(pm.response.code).to.be.oneOf([201, 202]);\r",
							"});"
						],
						"type": "text/javascript"
					}
				}
			],
			"request": {
				"auth": {
					"type": "noauth"
				},
				"method": "POST",
				"header": [],
				"body": {
					"mode": "raw",
					"raw": "{\r\n  \"user\": {\r\n    \"name\": \"Herman888 test8888\",\r\n    \"email\": \"kopi.x11panas1122@gmail.com\",\r\n    \"password\": \"123456\"\r\n  }\r\n}",
					"options": {
						"raw": {
							"language": "json"
						}
					}
				},
				"url": {
					"raw": "{{base_url}}/users.json",
					"host": [
						"{{base_url}}"
					],
					"path": [
						"users.json"
					]
				}
			},
			"response": []
		},
		{
			"name": "Session",
			"event": [
				{
					"listen": "test",
					"script": {
						"exec": [
							"pm.test(\"Status code is 200\", function () {\r",
							"    pm.response.to.have.status(200);\r",
							"});\r",
							"pm.test(\"Response time is less than 200ms\", function () {\r",
							"    pm.expect(pm.response.responseTime).to.be.below(200);\r",
							"});\r",
							""
						],
						"type": "text/javascript"
					}
				}
			],
			"request": {
				"method": "POST",
				"header": [],
				"body": {
					"mode": "raw",
					"raw": "{\r\n  \"user\": {\r\n    \"email\": \"kopi.x11panas1122@gmail.com\",\r\n    \"password\": \"123456\"\r\n  }\r\n}",
					"options": {
						"raw": {
							"language": "json"
						}
					}
				},
				"url": {
					"raw": "{{base_url}}/users/sign_in.json",
					"host": [
						"{{base_url}}"
					],
					"path": [
						"users",
						"sign_in.json"
					]
				}
			},
			"response": []
		},
		{
			"name": "List Categories",
			"event": [
				{
					"listen": "test",
					"script": {
						"exec": [
							"pm.test(\"Status code is 200\", function () {\r",
							"    pm.response.to.have.status(200);\r",
							"});\r",
							"pm.test(\"Response time is less than 200ms\", function () {\r",
							"    pm.expect(pm.response.responseTime).to.be.below(200);\r",
							"});"
						],
						"type": "text/javascript"
					}
				}
			],
			"protocolProfileBehavior": {
				"disableBodyPruning": true
			},
			"request": {
				"method": "GET",
				"header": [],
				"body": {
					"mode": "raw",
					"raw": "{\r\n  \"categories\": [\r\n    {\r\n      \"id\": 1,\r\n      \"name\": \"Feral Falmer\",\r\n      \"url\": \"http://www.example.com/categories/17\"\r\n    },\r\n    {\r\n      \"id\": 2,\r\n      \"name\": \"Skeleton\",\r\n      \"url\": \"http://www.example.com/categories/18\"\r\n    },\r\n    {\r\n      \"id\": 3,\r\n      \"name\": \"Wisp\",\r\n      \"url\": \"http://www.example.com/categories/19\"\r\n    },\r\n    {\r\n      \"id\": 4,\r\n      \"name\": \"Slaughterfish\",\r\n      \"url\": \"http://www.example.com/categories/20\"\r\n    },\r\n    {\r\n      \"id\": 5,\r\n      \"name\": \"Spider Guardian\",\r\n      \"url\": \"http://www.example.com/categories/21\"\r\n    }\r\n  ]\r\n}"
				},
				"url": {
					"raw": "{{base_url}}/categories.json",
					"host": [
						"{{base_url}}"
					],
					"path": [
						"categories.json"
					]
				}
			},
			"response": []
		},
		{
			"name": "Get Category",
			"event": [
				{
					"listen": "test",
					"script": {
						"exec": [
							"pm.test(\"Status code is 200\", function () {\r",
							"    pm.response.to.have.status(200);\r",
							"});\r",
							"pm.test(\"Response time is less than 200ms\", function () {\r",
							"    pm.expect(pm.response.responseTime).to.be.below(200);\r",
							"});"
						],
						"type": "text/javascript"
					}
				}
			],
			"protocolProfileBehavior": {
				"disableBodyPruning": true
			},
			"request": {
				"method": "GET",
				"header": [],
				"body": {
					"mode": "raw",
					"raw": "{\r\n  \"category\": {\r\n    \"id\": 1,\r\n    \"name\": \"Feral Falmer\",\r\n    \"url\": \"http://www.example.com/categories/17\"\r\n  }\r\n}",
					"options": {
						"raw": {
							"language": "json"
						}
					}
				},
				"url": {
					"raw": "{{base_url}}/categories/{17}.json",
					"host": [
						"{{base_url}}"
					],
					"path": [
						"categories",
						"{17}.json"
					]
				}
			},
			"response": []
		},
		{
			"name": "Create Offer",
			"event": [
				{
					"listen": "test",
					"script": {
						"exec": [
							"pm.test(\"Status code is 200\", function () {\r",
							"    pm.response.to.have.status(200);\r",
							"});\r",
							"pm.test(\"Response time is less than 200ms\", function () {\r",
							"    pm.expect(pm.response.responseTime).to.be.below(200);\r",
							"});"
						],
						"type": "text/javascript"
					}
				}
			],
			"request": {
				"method": "POST",
				"header": [],
				"body": {
					"mode": "raw",
					"raw": "{\r\n  \"offer\": {\r\n    \"price\": 100000,\r\n    \"to_id\": 87479,\r\n    \"product_id\": 51550\r\n  }\r\n}",
					"options": {
						"raw": {
							"language": "json"
						}
					}
				},
				"url": {
					"raw": "{{base_url}}/offers.json",
					"host": [
						"{{base_url}}"
					],
					"path": [
						"offers.json"
					]
				}
			},
			"response": []
		},
		{
			"name": "List Offers",
			"event": [
				{
					"listen": "test",
					"script": {
						"exec": [
							"pm.test(\"Status code is 200\", function () {\r",
							"    pm.response.to.have.status(200);\r",
							"});\r",
							"pm.test(\"Response time is less than 200ms\", function () {\r",
							"    pm.expect(pm.response.responseTime).to.be.below(200);\r",
							"});"
						],
						"type": "text/javascript"
					}
				}
			],
			"request": {
				"method": "GET",
				"header": [],
				"url": {
					"raw": "{{base_url}}/users/87480/offers.json",
					"host": [
						"{{base_url}}"
					],
					"path": [
						"users",
						"87480",
						"offers.json"
					]
				}
			},
			"response": []
		},
		{
			"name": "Update Offer",
			"event": [
				{
					"listen": "test",
					"script": {
						"exec": [
							"pm.test(\"Status code is 200\", function () {\r",
							"    pm.response.to.have.status(200);\r",
							"});\r",
							"pm.test(\"Response time is less than 200ms\", function () {\r",
							"    pm.expect(pm.response.responseTime).to.be.below(200);\r",
							"});"
						],
						"type": "text/javascript"
					}
				}
			],
			"request": {
				"method": "PUT",
				"header": [],
				"body": {
					"mode": "formdata",
					"formdata": []
				},
				"url": {
					"raw": "{{base_url}}/offers/:id.json",
					"host": [
						"{{base_url}}"
					],
					"path": [
						"offers",
						":id.json"
					],
					"variable": [
						{
							"key": "id",
							"value": "1"
						}
					]
				}
			},
			"response": []
		},
		{
			"name": "Create Product",
			"event": [
				{
					"listen": "test",
					"script": {
						"exec": [
							"pm.test(\"Status code is 200\", function () {\r",
							"    pm.response.to.have.status(200);\r",
							"});\r",
							"pm.test(\"Response time is less than 200ms\", function () {\r",
							"    pm.expect(pm.response.responseTime).to.be.below(200);\r",
							"});"
						],
						"type": "text/javascript"
					}
				}
			],
			"request": {
				"method": "POST",
				"header": [],
				"body": {
					"mode": "formdata",
					"formdata": [
						{
							"key": "product[name]",
							"value": "barang dagangan",
							"type": "text"
						},
						{
							"key": "product[price]",
							"value": "81919191",
							"type": "text"
						},
						{
							"key": "product[description]",
							"value": "jualan apa aja ada",
							"type": "text"
						},
						{
							"key": "product[status]",
							"value": "draft",
							"type": "text"
						},
						{
							"key": "product[category_id]",
							"value": "1",
							"type": "text"
						},
						{
							"key": "product[images][]",
							"type": "file",
							"src": "/C:/Users/LENOVO/Downloads/mrhndi.jpg"
						}
					]
				},
				"url": {
					"raw": "{{base_url}}/products.json",
					"host": [
						"{{base_url}}"
					],
					"path": [
						"products.json"
					]
				}
			},
			"response": []
		},
		{
			"name": "List Products",
			"event": [
				{
					"listen": "test",
					"script": {
						"exec": [
							"pm.test(\"Status code is 200\", function () {\r",
							"    pm.response.to.have.status(200);\r",
							"});\r",
							"pm.test(\"Response time is less than 200ms\", function () {\r",
							"    pm.expect(pm.response.responseTime).to.be.below(200);\r",
							"});"
						],
						"type": "text/javascript"
					}
				}
			],
			"protocolProfileBehavior": {
				"disableBodyPruning": true
			},
			"request": {
				"method": "GET",
				"header": [],
				"body": {
					"mode": "raw",
					"raw": "{\r\n  \"category_id\": 1,\r\n  \"user_id\": 87480\r\n}",
					"options": {
						"raw": {
							"language": "json"
						}
					}
				},
				"url": {
					"raw": "{{base_url}}/products.json",
					"host": [
						"{{base_url}}"
					],
					"path": [
						"products.json"
					],
					"query": [
						{
							"key": "page",
							"value": "1",
							"disabled": true
						},
						{
							"key": "product",
							"value": "",
							"disabled": true
						}
					]
				}
			},
			"response": []
		},
		{
			"name": "Get Product",
			"event": [
				{
					"listen": "test",
					"script": {
						"exec": [
							"pm.test(\"Status code is 200\", function () {\r",
							"    pm.response.to.have.status(200);\r",
							"});\r",
							"pm.test(\"Response time is less than 200ms\", function () {\r",
							"    pm.expect(pm.response.responseTime).to.be.below(200);\r",
							"});"
						],
						"type": "text/javascript"
					}
				}
			],
			"request": {
				"method": "GET",
				"header": [],
				"url": {
					"raw": "{{base_url}}/products/51549.json",
					"host": [
						"{{base_url}}"
					],
					"path": [
						"products",
						"51549.json"
					]
				}
			},
			"response": []
		},
		{
			"name": "Update Product",
			"event": [
				{
					"listen": "test",
					"script": {
						"exec": [
							"pm.test(\"Status code is 200\", function () {\r",
							"    pm.response.to.have.status(200);\r",
							"});\r",
							"pm.test(\"Response time is less than 200ms\", function () {\r",
							"    pm.expect(pm.response.responseTime).to.be.below(200);\r",
							"});"
						],
						"type": "text/javascript"
					}
				}
			],
			"request": {
				"method": "PUT",
				"header": [],
				"body": {
					"mode": "formdata",
					"formdata": [
						{
							"key": "product[name]",
							"value": "Aether Lens",
							"type": "text"
						},
						{
							"key": "product[price]",
							"value": "119534",
							"type": "text"
						},
						{
							"key": "product[description]",
							"value": "Non suscipit deleniti. Blanditiis omnis nobis. Similique quia id.",
							"type": "text"
						},
						{
							"key": "product[status]",
							"value": "draft",
							"type": "text"
						},
						{
							"key": "product[category_id]",
							"value": "1",
							"type": "text"
						},
						{
							"key": "product[images][]",
							"type": "file",
							"src": "/C:/Users/LENOVO/Downloads/mrhndi.jpg"
						},
						{
							"key": "product[persisted_images][]",
							"type": "file",
							"src": "/C:/Users/LENOVO/Downloads/mrhndi.jpg"
						},
						{
							"key": "product[persisted_images][]",
							"type": "file",
							"src": "/C:/Users/LENOVO/Downloads/mrhndi.jpg"
						}
					]
				},
				"url": {
					"raw": "{{base_url}}/products/51549.json",
					"host": [
						"{{base_url}}"
					],
					"path": [
						"products",
						"51549.json"
					]
				}
			},
			"response": []
		},
		{
			"name": "Delete Product",
			"event": [
				{
					"listen": "test",
					"script": {
						"exec": [
							"pm.test(\"Status code is 200\", function () {\r",
							"    pm.response.to.have.status(200);\r",
							"});\r",
							"pm.test(\"Response time is less than 200ms\", function () {\r",
							"    pm.expect(pm.response.responseTime).to.be.below(200);\r",
							"});"
						],
						"type": "text/javascript"
					}
				}
			],
			"request": {
				"method": "DELETE",
				"header": [],
				"url": {
					"raw": "{{base_url}}/products/51549.json",
					"host": [
						"{{base_url}}"
					],
					"path": [
						"products",
						"51549.json"
					]
				}
			},
			"response": []
		},
		{
			"name": "Update Profile",
			"event": [
				{
					"listen": "test",
					"script": {
						"exec": [
							"pm.test(\"Status code is 200\", function () {\r",
							"    pm.response.to.have.status(200);\r",
							"});\r",
							"pm.test(\"Response time is less than 200ms\", function () {\r",
							"    pm.expect(pm.response.responseTime).to.be.below(200);\r",
							"});"
						],
						"type": "text/javascript"
					}
				}
			],
			"request": {
				"method": "PUT",
				"header": [
					{
						"key": "",
						"value": "",
						"type": "text",
						"disabled": true
					}
				],
				"body": {
					"mode": "formdata",
					"formdata": [
						{
							"key": "user[name]",
							"value": "Herman888 test8888",
							"type": "text"
						},
						{
							"key": "user[phone_number]",
							"value": "081122425298",
							"type": "text"
						},
						{
							"key": "user[address]",
							"value": "jalan bangka",
							"type": "text"
						},
						{
							"key": "user[city_id]",
							"value": "1",
							"type": "text"
						},
						{
							"key": "user[avatar]",
							"type": "file",
							"src": "/C:/Users/LENOVO/Downloads/mrhndi.jpg"
						}
					]
				},
				"url": {
					"raw": "{{base_url}}/profiles.json",
					"host": [
						"{{base_url}}"
					],
					"path": [
						"profiles.json"
					]
				}
			},
			"response": []
		},
		{
			"name": "Get Profile",
			"event": [
				{
					"listen": "test",
					"script": {
						"exec": [
							"pm.test(\"Status code is 200\", function () {\r",
							"    pm.response.to.have.status(200);\r",
							"});\r",
							"pm.test(\"Response time is less than 200ms\", function () {\r",
							"    pm.expect(pm.response.responseTime).to.be.below(200);\r",
							"});"
						],
						"type": "text/javascript"
					}
				}
			],
			"protocolProfileBehavior": {
				"disableBodyPruning": true
			},
			"request": {
				"method": "GET",
				"header": [],
				"body": {
					"mode": "raw",
					"raw": ""
				},
				"url": {
					"raw": "{{base_url}}/profiles.json",
					"host": [
						"{{base_url}}"
					],
					"path": [
						"profiles.json"
					]
				}
			},
			"response": []
		}
	]
}